birdId,birdName,scientificName,found_in_xenocanto,xenocanto_recordings
1,Wandering Albatross,Diomedea exulans,Yes,6
2,Tristan Albatross,Diomedea dabbenena,Yes,1
3,Amsterdam Albatross,Diomedea amsterdamensis,Yes,0
4,Southern Royal Albatross,Diomedea epomophora,Yes,7
5,Northern Royal Albatross,Diomedea sanfordi,Yes,4
6,Shy Albatross,Thalassarche cauta,Yes,19
7,Salvin's Albatross,Thalassarche salvini,Yes,9
8,Chatham Albatross,Thalassarche eremita,Yes,6
9,Black-browed Albatross,Thalassarche melanophris,Yes,33
10,Grey-headed Albatross,Thalassarche chrysostoma,Yes,0
11,Buller's Albatross,Thalassarche bulleri,Yes,8
12,Atlantic Yellow-nosed Albatross,Thalassarche chlororhynchos,Yes,2
13,Indian Yellow-nosed Albatross,Thalassarche carteri,Yes,2
14,Laysan Albatross,Phoebastria immutabilis,Yes,156
15,Light-mantled Albatross,Phoebetria palpebrata,Yes,11
16,Sooty Albatross,Phoebetria fusca,Yes,0
17,Northern Giant Petrel,Macronectes halli,Yes,13
18,Southern Giant Petrel,Macronectes giganteus,Yes,1
19,Cape Petrel,Daption capense,Yes,13
20,Antarctic Petrel,Thalassoica antarctica,Yes,9
21,Southern Fulmar,Fulmarus glacialoides,Yes,1
22,Grey Petrel,Procellaria cinerea,Yes,5
23,White-chinned Petrel,Procellaria aequinoctialis,Yes,17
24,Spectacled Petrel,Procellaria conspicillata,Yes,0
25,Great-winged Petrel,Pterodroma macroptera,Yes,0
26,Atlantic Petrel,Pterodroma incerta,Yes,1
27,Trindade Petrel,Pterodroma arminjoniana,Yes,4
28,Tahiti Petrel,Pseudobulweria rostrata,Yes,2
29,Kerguelen Petrel,Aphrodroma brevirostris,Yes,7
30,Soft-plumaged Petrel,Pterodroma mollis,Yes,4
31,White-headed Petrel,Pterodroma lessonii,Yes,5
32,Barau's Petrel,Pterodroma baraui,Yes,4
33,Bulwer's Petrel,Bulweria bulwerii,Yes,9
34,Jouanin's Petrel,Bulweria fallax,Yes,0
35,Cory's Shearwater,Calonectris borealis,Yes,197
36,Scopoli's Shearwater,Calonectris diomedea,Yes,59
37,Streaked Shearwater,Calonectris leucomelas,Yes,3
38,Great Shearwater,Ardenna gravis,Yes,18
39,Flesh-footed Shearwater,Ardenna carneipes,Yes,17
40,Wedge-tailed Shearwater,Ardenna pacifica,Yes,37
41,Sooty Shearwater,Ardenna grisea,Yes,21
42,Short-tailed Shearwater,Ardenna tenuirostris,Yes,10
43,Balearic Shearwater,Puffinus mauretanicus,Yes,8
44,Manx Shearwater,Puffinus puffinus,Yes,405
45,Tropical Shearwater,Puffinus bailloni,Yes,21
46,Little Shearwater,Puffinus assimilis,Yes,4
47,Subantarctic Shearwater,Puffinus elegans,Yes,0
48,Blue Petrel,Halobaena caerulea,Yes,4
49,Broad-billed Prion,Pachyptila vittata,Yes,12
50,Salvin's Prion,Pachyptila salvini,Yes,0
51,Antarctic Prion,Pachyptila desolata,Yes,4
52,Slender-billed Prion,Pachyptila belcheri,Yes,8
53,Fairy Prion,Pachyptila turtur,Yes,7
54,Common Diving petrel,Pelecanoides urinatrix,Yes,21
55,South Georgia Diving Petrel,Pelecanoides georgicus,Yes,1
56,European Storm Petrel,Hydrobates pelagicus,Yes,87
57,Wilson's Storm Petrel,Oceanites oceanicus,Yes,25
58,Leach's Storm Petrel,Hydrobates leucorhoa,Yes,0
59,Band-rumped Storm Petrel,Hydrobates castro,Yes,19
60,Swinhoe's Storm Petrel,Hydrobates monorhis,Yes,8
61,Matsudaira's Storm Petrel,Hydrobates matsudairae,Yes,0
62,Black-bellied Storm Petrel,Fregetta tropica,Yes,6
63,White-bellied Storm Petrel,Fregetta grallaria,Yes,0
64,Grey-backed Storm Petrel,Garrodia nereis,Yes,0
65,White-faced Storm Petrel,Pelagodroma marina,Yes,6
66,Red-billed Tropicbird,Phaethon aethereus,Yes,29
67,Red-tailed Tropicbird,Phaethon rubricauda,Yes,48
68,White-tailed Tropicbird,Phaethon lepturus,Yes,32
69,Greater Frigatebird,Fregata minor,Yes,45
70,Lesser Frigatebird,Fregata ariel,Yes,0
71,Cape Gannet,Morus capensis,Yes,13
72,Australasian Gannet,Morus serrator,Yes,5
73,Masked Booby,Sula dactylatra,Yes,33
74,Red-footed Booby,Sula sula,Yes,55
75,Brown Booby,Sula leucogaster,Yes,30
76,Brown Skua,Stercorarius antarcticus,Yes,27
77,South Polar Skua,Stercorarius maccormicki,Yes,14
78,Pomarine Jaeger,Stercorarius pomarinus,Yes,9
79,Parasitic Jaeger,Stercorarius parasiticus,Yes,92
80,Long-tailed Jaeger,Stercorarius longicaudus,Yes,104
81,Kelp Gull,Larus dominicanus,Yes,99
82,Lesser Black-backed Gull,Larus fuscus,Yes,364
83,Hartlaub's Gull,Chroicocephalus hartlaubii,Yes,13
84,Grey-headed Gull,Chroicocephalus cirrocephalus,Yes,62
85,Slender-billed Gull,Chroicocephalus genei,Yes,207
86,Black-headed Gull,Chroicocephalus ridibundus,Yes,1432
87,Franklin's Gull,Leucophaeus pipixcan,Yes,65
88,Sooty Gull,Ichthyaetus hemprichii,Yes,44
89,Sabine's Gull,Xema sabini,Yes,24
90,Black-legged Kittiwake,Rissa tridactyla,Yes,292
91,Gull-billed Tern,Gelochelidon nilotica,Yes,273
92,Caspian Tern,Hydroprogne caspia,Yes,441
93,West African Crested Tern,Thalasseus albididorsalis,Yes,9
94,Swift Tern,Thalasseus bergii,Yes,83
95,Lesser Crested Tern,Thalasseus bengalensis,Yes,36
96,Elegant Tern,Thalasseus elegans,Yes,108
97,Sandwich Tern,Thalasseus sandvicensis,Yes,693
98,Common Tern,Sterna hirundo,Yes,957
99,Roseate Tern,Sterna dougallii,Yes,204
100,Arctic Tern,Sterna paradisaea,Yes,457
101,Antarctic Tern,Sterna vittata,Yes,16
102,Kerguelen Tern,Sterna virgata,Yes,2
103,White-cheeked Tern,Sterna repressa,Yes,27
104,Black-naped Tern,Sterna sumatrana,Yes,29
105,Little Tern,Sternula albifrons,Yes,436
106,Saunders's Tern,Sternula saundersi,Yes,42
107,Damara Tern,Sternula balaenarum,Yes,11
108,Whiskered Tern,Chlidonias hybrida,Yes,342
109,White-winged Tern,Chlidonias leucopterus,Yes,155
110,Black Tern,Chlidonias niger,Yes,308
111,Bridled Tern,Onychoprion anaethetus,Yes,42
112,Sooty Tern,Onychoprion fuscatus,Yes,39
113,White Tern,Gygis alba,Yes,56
114,Lesser Noddy,Anous tenuirostris,Yes,17
115,Brown Noddy,Anous stolidus,Yes,39
116,African Skimmer,Rynchops flavirostris,Yes,12
117,Black Skimmer,Rynchops niger,Yes,121
118,African Penguin,Spheniscus demersus,Yes,25
119,Magellanic Penguin,Spheniscus magellanicus,Yes,16
120,Gentoo Penguin,Pygoscelis papua,Yes,30
121,King Penguin,Aptenodytes patagonicus,Yes,38
122,Little Penguin,Eudyptula minor,Yes,49
123,Macaroni Penguin,Eudyptes chrysolophus,Yes,17
124,Northern Rockhopper Penguin,Eudyptes moseleyi,Yes,1
125,Southern Rockhopper Penguin,Eudyptes (chrysocome) filholi,Yes,0
126,Great White Pelican,Pelecanus onocrotalus,Yes,15
127,Pink-backed Pelican,Pelecanus rufescens,Yes,2
128,Reed Cormorant,Microcarbo africanus,Yes,4
129,Crowned Cormorant,Microcarbo coronatus,Yes,0
130,Cape Cormorant,Phalacrocorax capensis,Yes,3
131,Bank Cormorant,Phalacrocorax neglectus,Yes,0
132,White-breasted Cormorant,Phalacrocorax (carbo) lucidus,Yes,0
133,Crozet Shag,Leucocarbo melanogenis,Yes,0
134,African Darter,Anhinga rufa,Yes,10
135,Great Crested Grebe,Podiceps cristatus,Yes,412
136,Black-necked Grebe,Podiceps nigricollis,Yes,109
137,Little Grebe,Tachybaptus ruficollis,Yes,1898
138,White-faced Whistling Duck,Dendrocygna viduata,Yes,170
139,Fulvous Whistling Duck,Dendrocygna bicolor,Yes,65
140,White-backed Duck,Thalassornis leuconotus,Yes,3
141,African Pygmy Goose,Nettapus auritus,Yes,16
142,Spur-winged Goose,Plectropterus gambensis,Yes,20
143,Egyptian Goose,Alopochen aegyptiaca,Yes,343
144,South African Shelduck,Tadorna cana,Yes,47
145,Knob-billed Duck,Sarkidiornis melanotos,Yes,7
146,African Black Duck,Anas sparsa,Yes,9
147,Yellow-billed Duck,Anas undulata,Yes,35
148,Mallard,Anas platyrhynchos,Yes,1376
149,Cape Shoveler,Spatula smithii,Yes,10
150,Northern Shoveler,Spatula clypeata,Yes,318
151,Cape Teal,Anas capensis,Yes,4
152,Red-billed Teal,Anas erythrorhyncha,Yes,11
153,Garganey,Spatula querquedula,Yes,252
154,Blue-billed Teal,Spatula hottentota,Yes,3
155,Northern Pintail,Anas acuta,Yes,296
156,Southern Pochard,Netta erythrophthalma,Yes,7
157,Maccoa Duck,Oxyura maccoa,Yes,3
158,Red-knobbed Coot,Fulica cristata,Yes,57
159,Common Moorhen,Gallinula chloropus,Yes,2779
160,Lesser Moorhen,Paragallinula angulata,Yes,7
161,African Finfoot,Podica senegalensis,Yes,11
162,Greater Flamingo,Phoenicopterus roseus,Yes,346
163,Lesser Flamingo,Phoeniconaias minor,Yes,27
164,Yellow-billed Stork,Mycteria ibis,Yes,2
165,White Stork,Ciconia ciconia,Yes,204
166,Black Stork,Ciconia nigra,Yes,35
167,Abdim's Stork,Ciconia abdimii,Yes,1
168,Saddle-billed Stork,Ephippiorhynchus senegalensis,Yes,0
169,Marabou Stork,Leptoptilos crumenifer,Yes,14
170,Woolly-necked Stork,Ciconia microscelis,Yes,0
171,African Openbill,Anastomus lamelligerus,Yes,1
172,Hadeda Ibis,Bostrychia hagedash,Yes,220
173,Glossy Ibis,Plegadis falcinellus,Yes,175
174,Southern Bald Ibis,Geronticus calvus,Yes,2
175,African Sacred Ibis,Threskiornis aethiopicus,Yes,13
176,African Spoonbill,Platalea alba,Yes,8
177,Hamerkop,Scopus umbretta,Yes,56
178,Goliath Heron,Ardea goliath,Yes,4
179,Purple Heron,Ardea purpurea,Yes,458
180,Grey Heron,Ardea cinerea,Yes,1942
181,Black-headed Heron,Ardea melanocephala,Yes,26
182,Great Egret,Ardea alba,Yes,397
183,Yellow-billed Egret,Ardea brachyrhyncha,Yes,0
184,Little Egret,Egretta garzetta,Yes,630
185,Western Cattle Egret,Ardea ibis,Yes,0
186,Snowy Egret,Egretta thula,Yes,102
187,Western Reef Heron,Egretta gularis,Yes,41
188,Little Blue Heron,Egretta caerulea,Yes,70
189,Slaty Egret,Egretta vinaceigula,Yes,0
190,Black Heron,Egretta ardesiaca,Yes,11
191,Rufous-bellied Heron,Ardeola rufiventris,Yes,3
192,Squacco Heron,Ardeola ralloides,Yes,107
193,Malagasy Pond Heron,Ardeola idae,Yes,1
194,Green-backed Heron,Butorides striata,Yes,234
195,Black-crowned Night Heron,Nycticorax nycticorax,Yes,1399
196,White-backed Night Heron,Calherodius leuconotus,Yes,0
197,Eurasian Bittern,Botaurus stellaris,Yes,1332
198,Little Bittern,Botaurus minutus,Yes,0
199,Dwarf Bittern,Botaurus sturmii,Yes,0
200,African Rail,Rallus caerulescens,Yes,27
201,African Crake,Crecopsis egregia,Yes,6
202,Corn Crake,Crex crex,Yes,880
203,Striped Crake,Aenigmatolimnas marginalis,Yes,3
204,Spotted Crake,Porzana porzana,Yes,963
205,Baillon's Crake,Zapornia pusilla,Yes,397
206,Little Crake,Zapornia parva,Yes,323
207,Black Crake,Zapornia flavirostra,Yes,91
208,African Swamphen,Porphyrio madagascariensis,Yes,28
209,Allen's Gallinule,Porphyrio alleni,Yes,11
210,Purple Gallinule,Porphyrio martinica,Yes,148
211,Buff-spotted Flufftail,Sarothrura elegans,Yes,40
212,Red-chested Flufftail,Sarothrura rufa,Yes,71
213,Streaky-breasted Flufftail,Sarothrura boehmi,Yes,7
214,Striped Flufftail,Sarothrura affinis,Yes,10
215,White-winged Flufftail,Sarothrura ayresi,Yes,0
216,Snowy Sheathbill,Chionis albus,Yes,9
217,Black-faced Sheathbill,Chionis minor,Yes,4
218,African Oystercatcher,Haematopus moquini,Yes,12
219,Eurasian Oystercatcher,Haematopus ostralegus,Yes,1481
220,Pied Avocet,Recurvirostra avosetta,Yes,630
221,Black-winged Stilt,Himantopus himantopus,Yes,954
222,Crab-plover,Dromas ardeola,Yes,70
223,African Jacana,Actophilornis africanus,Yes,53
224,Lesser Jacana,Microparra capensis,Yes,3
225,Three-banded Plover,Charadrius tricollaris,Yes,61
226,Common Ringed Plover,Charadrius hiaticula,Yes,1134
227,Little Ringed Plover,Charadrius dubius,Yes,1367
228,Chestnut-banded Plover,Anarhynchus pallidus,Yes,0
229,Kittlitz's Plover,Anarhynchus pecuarius,Yes,0
230,White-fronted Plover,Anarhynchus marginatus,Yes,0
231,Lesser Sand Plover,Anarhynchus atrifrons,Yes,0
232,Greater Sand Plover,Anarhynchus leschenaultii,Yes,0
233,Caspian Plover,Anarhynchus asiaticus,Yes,0
234,Grey Plover,Pluvialis squatarola,Yes,780
235,American Golden Plover,Pluvialis dominica,Yes,129
236,Pacific Golden Plover,Pluvialis fulva,Yes,200
237,Greater Painted Snipe,Rostratula benghalensis,Yes,25
238,African Snipe,Gallinago nigripennis,Yes,18
239,Great Snipe,Gallinago media,Yes,186
240,Eurasian Curlew,Numenius arquata,Yes,1999
241,Whimbrel,Numenius phaeopus,Yes,1413
242,Asian Dowitcher,Limnodromus semipalmatus,Yes,10
243,Bar-tailed Godwit,Limosa lapponica,Yes,337
244,Black-tailed Godwit,Limosa limosa,Yes,602
245,Hudsonian Godwit,Limosa haemastica,Yes,17
246,Ruddy Turnstone,Arenaria interpres,Yes,511
247,Red Knot,Calidris canutus,Yes,265
248,Great Knot,Calidris tenuirostris,Yes,5
249,Curlew Sandpiper,Calidris ferruginea,Yes,200
250,Dunlin,Calidris alpina,Yes,1290
251,White-rumped Sandpiper,Calidris fuscicollis,Yes,69
252,Baird's Sandpiper,Calidris bairdii,Yes,101
253,Sanderling,Calidris alba,Yes,315
254,Temminck's Stint,Calidris temminckii,Yes,191
255,Long-toed Stint,Calidris subminuta,Yes,27
256,Red-necked Stint,Calidris ruficollis,Yes,49
257,Little Stint,Calidris minuta,Yes,167
258,Broad-billed Sandpiper,Calidris falcinellus,Yes,100
259,Pectoral Sandpiper,Calidris melanotos,Yes,165
260,Sharp-tailed Sandpiper,Calidris acuminata,Yes,13
261,Buff-breasted Sandpiper,Calidris subruficollis,Yes,13
262,Ruff,Calidris pugnax,Yes,51
263,Terek Sandpiper,Xenus cinereus,Yes,155
264,Common Sandpiper,Actitis hypoleucos,Yes,2117
265,Green Sandpiper,Tringa ochropus,Yes,1564
266,Wood Sandpiper,Tringa glareola,Yes,1105
267,Marsh Sandpiper,Tringa stagnatilis,Yes,137
268,Common Greenshank,Tringa nebularia,Yes,1361
269,Greater Yellowlegs,Tringa melanoleuca,Yes,273
270,Lesser Yellowlegs,Tringa flavipes,Yes,312
271,Common Redshank,Tringa totanus,Yes,1659
272,Spotted Redshank,Tringa erythropus,Yes,469
273,Red-necked Phalarope,Phalaropus lobatus,Yes,167
274,Red Phalarope,Phalaropus fulicarius,Yes,104
275,Wilson's Phalarope,Phalaropus tricolor,Yes,33
276,Collared Pratincole,Glareola pratincola,Yes,151
277,Black-winged Pratincole,Glareola nordmanni,Yes,26
278,Rock Pratincole,Glareola nuchalis,Yes,17
279,Madagascar Pratincole,Glareola ocularis,Yes,12
280,Common Ostrich,Struthio camelus,Yes,38
281,Secretarybird,Sagittarius serpentarius,Yes,5
282,Southern Ground Hornbill,Bucorvus leadbeateri,Yes,37
283,Blue Crane,Grus paradisea,Yes,53
284,Wattled Crane,Grus carunculata,Yes,4
285,Grey Crowned Crane,Balearica regulorum,Yes,34
286,Kori Bustard,Ardeotis kori,Yes,4
287,Denham's Bustard,Neotis denhami,Yes,0
288,Ludwig's Bustard,Neotis ludwigii,Yes,3
289,Southern Black Korhaan,Afrotis afra,Yes,25
290,Northern Black Korhaan,Afrotis afraoides,Yes,67
291,Black-bellied Korhaan,Lissotis melanogaster,Yes,12
292,Red-crested Korhaan,Lophotis ruficrista,Yes,40
293,White-bellied Korhaan,Eupodotis senegalensis,Yes,36
294,Blue Korhaan,Eupodotis caerulescens,Yes,22
295,Karoo Korhaan,Heterotetrax vigorsii,Yes,0
296,Rüppell's Korhaan,Heterotetrax rueppelii,Yes,0
297,Helmeted Guineafowl,Numida meleagris,Yes,144
298,Crested Guineafowl,Guttera edouardi,Yes,0
299,Coqui Francolin,Campocolinus coqui,Yes,36
300,Grey-winged Francolin,Scleroptila afra,Yes,18
301,Orange River Francolin,Scleroptila gutturalis,Yes,29
302,Red-winged Francolin,Scleroptila levaillantii,Yes,28
303,Shelley's Francolin,Scleroptila shelleyi,Yes,36
304,Crested Francolin,Ortygornis sephaena,Yes,97
305,Natal Spurfowl,Pternistis natalensis,Yes,76
306,Red-billed Spurfowl,Pternistis adspersus,Yes,27
307,Red-necked Spurfowl,Pternistis afer,Yes,64
308,Swainson's Spurfowl,Pternistis swainsonii,Yes,42
309,Cape Spurfowl,Pternistis capensis,Yes,16
310,Hartlaub's Spurfowl,Pternistis hartlaubi,Yes,12
311,Chukar Partridge,Alectoris chukar,Yes,120
312,Indian Peafowl,Pavo cristatus,Yes,339
313,Common Quail,Coturnix coturnix,Yes,1669
314,Harlequin Quail,Coturnix delegorguei,Yes,44
315,Blue Quail,Synoicus adansonii,Yes,0
316,Common Buttonquail,Turnix sylvaticus,Yes,150
317,Black-rumped Buttonquail,Turnix nanus,Yes,2
318,Fynbos Buttonquail,Turnix hottentottus,Yes,1
319,Spotted Thick-knee,Burhinus capensis,Yes,45
320,Water Thick-knee,Burhinus vermiculatus,Yes,63
321,Crowned Lapwing,Vanellus coronatus,Yes,84
322,Black-winged Lapwing,Vanellus melanopterus,Yes,25
323,Senegal Lapwing,Vanellus lugubris,Yes,18
324,Blacksmith Lapwing,Vanellus armatus,Yes,99
325,Spur-winged Lapwing,Vanellus spinosus,Yes,124
326,Long-toed Lapwing,Vanellus crassirostris,Yes,17
327,African Wattled Lapwing,Vanellus senegallus,Yes,89
328,White-crowned Lapwing,Vanellus albiceps,Yes,17
329,Bronze-winged Courser,Rhinoptilus chalcopterus,Yes,7
330,Three-banded Courser,Rhinoptilus cinctus,Yes,11
331,Double-banded Courser,Rhinoptilus africanus,Yes,20
332,Burchell's Courser,Cursorius rufus,Yes,6
333,Temminck's Courser,Cursorius temminckii,Yes,8
334,Burchell's Sandgrouse,Pterocles burchelli,Yes,7
335,Double-banded Sandgrouse,Pterocles bicinctus,Yes,15
336,Namaqua Sandgrouse,Pterocles namaqua,Yes,30
337,Yellow-throated Sandgrouse,Pterocles gutturalis,Yes,13
338,Western Osprey,Pandion haliaetus,Yes,352
339,African Fish Eagle,Icthyophaga vocifer,Yes,0
340,Palm-nut Vulture,Gypohierax angolensis,Yes,8
341,European Honey Buzzard,Pernis apivorus,Yes,175
342,Crested Honey Buzzard,Pernis ptilorhynchus,Yes,102
343,African Harrier-Hawk,Polyboroides typus,Yes,28
344,Bat Hawk,Macheiramphus alcinus,Yes,10
345,Bearded Vulture,Gypaetus barbatus,Yes,39
346,Egyptian Vulture,Neophron percnopterus,Yes,8
347,Cape Vulture,Gyps coprotheres,Yes,1
348,White-backed Vulture,Gyps africanus,Yes,6
349,Rüppell's Vulture,Gyps rueppelli,Yes,7
350,Hooded Vulture,Necrosyrtes monachus,Yes,2
351,White-headed Vulture,Trigonoceps occipitalis,Yes,0
352,Lappet-faced Vulture,Torgos tracheliotos,Yes,0
353,Southern Banded Snake Eagle,Circaetus fasciolatus,Yes,5
354,Western Banded Snake Eagle,Circaetus cinerascens,Yes,6
355,Black-chested Snake Eagle,Circaetus pectoralis,Yes,1
356,Brown Snake Eagle,Circaetus cinereus,Yes,2
357,Bateleur,Terathopius ecaudatus,Yes,3
358,Verreaux's Eagle,Aquila verreauxii,Yes,5
359,Crowned Eagle,Stephanoaetus coronatus,Yes,65
360,Martial Eagle,Polemaetus bellicosus,Yes,7
361,Tawny Eagle,Aquila rapax,Yes,2
362,Steppe Eagle,Aquila nipalensis,Yes,15
363,Lesser Spotted Eagle,Clanga pomarina,Yes,80
364,Wahlberg's Eagle,Hieraaetus wahlbergi,Yes,7
365,Booted Eagle,Hieraaetus pennatus,Yes,74
366,Ayres's Hawk-Eagle,Hieraaetus ayresii,Yes,3
367,African Hawk-Eagle,Aquila spilogaster,Yes,3
368,Long-crested Eagle,Lophaetus occipitalis,Yes,33
369,Jackal Buzzard,Buteo rufofuscus,Yes,10
370,Augur Buzzard,Buteo augur,Yes,24
371,Forest Buzzard,Buteo trizonatus,Yes,8
372,Common Buzzard,Buteo buteo,Yes,1194
373,Long-legged Buzzard,Buteo rufinus,Yes,26
374,Red-necked Buzzard,Buteo auguralis,Yes,2
375,Grasshopper Buzzard,Butastur rufipennis,Yes,3
376,Black-winged Kite,Elanus caeruleus,Yes,282
377,Black Kite,Milvus migrans,Yes,293
378,Yellow-billed Kite,Milvus aegyptius,Yes,52
379,African Marsh Harrier,Circus ranivorus,Yes,1
380,Western Marsh Harrier,Circus aeruginosus,Yes,427
381,Montagu's Harrier,Circus pygargus,Yes,139
382,Pallid Harrier,Circus macrourus,Yes,24
383,Black Harrier,Circus maurus,Yes,3
384,African Cuckoo Hawk,Aviceda cuculoides,Yes,11
385,Lizard Buzzard,Kaupifalco monogrammicus,Yes,50
386,Dark Chanting Goshawk,Melierax metabates,Yes,9
387,Pale Chanting Goshawk,Melierax canorus,Yes,15
388,Gabar Goshawk,Micronisus gabar,Yes,49
389,Ovambo Sparrowhawk,Accipiter ovampensis,Yes,9
390,Shikra,Tachyspiza badia,Yes,0
391,Little Sparrowhawk,Tachyspiza minulla,Yes,0
392,African Goshawk,Aerospiza tachiro,Yes,0
393,Rufous-breasted Sparrowhawk,Accipiter rufiventris,Yes,3
394,Black Sparrowhawk,Astur melanoleucus,Yes,0
395,Peregrine Falcon,Falco peregrinus,Yes,513
396,Lanner Falcon,Falco biarmicus,Yes,12
397,Eleonora's Falcon,Falco eleonorae,Yes,24
398,Taita Falcon,Falco fasciinucha,Yes,3
399,African Hobby,Falco cuvierii,Yes,3
400,Eurasian Hobby,Falco subbuteo,Yes,325
401,Amur Falcon,Falco amurensis,Yes,33
402,Red-footed Falcon,Falco vespertinus,Yes,63
403,Red-necked Falcon,Falco chicquera,Yes,5
404,Sooty Falcon,Falco concolor,Yes,18
405,Dickinson's Kestrel,Falco dickinsoni,Yes,2
406,Grey Kestrel,Falco ardosiaceus,Yes,3
407,Lesser Kestrel,Falco naumanni,Yes,192
408,Rock Kestrel,Falco rupicolus,Yes,6
409,Greater Kestrel,Falco rupicoloides,Yes,7
410,Pygmy Falcon,Polihierax semitorquatus,Yes,4
411,Western Barn Owl,Tyto alba,Yes,1548
412,African Grass Owl,Tyto capensis,Yes,2
413,Marsh Owl,Asio capensis,Yes,18
414,African Wood Owl,Strix woodfordii,Yes,180
415,African Barred Owlet,Glaucidium capense,Yes,63
416,Pearl-spotted Owlet,Glaucidium perlatum,Yes,105
417,Southern White-faced Owl,Ptilopsis granti,Yes,22
418,African Scops Owl,Otus senegalensis,Yes,121
419,Spotted Eagle-Owl,Bubo africanus,Yes,62
420,Cape Eagle-Owl,Bubo capensis,Yes,8
421,Verreaux's Eagle-Owl,Ketupa lactea,Yes,0
422,Pel's Fishing Owl,Scotopelia peli,Yes,25
423,European Nightjar,Caprimulgus europaeus,Yes,1589
424,Rufous-cheeked Nightjar,Caprimulgus rufigena,Yes,38
425,Fiery-necked Nightjar,Caprimulgus pectoralis,Yes,128
426,Square-tailed Nightjar,Caprimulgus fossii,Yes,35
427,Swamp Nightjar,Caprimulgus natalensis,Yes,31
428,Freckled Nightjar,Caprimulgus tristigma,Yes,60
429,Pennant-winged Nightjar,Caprimulgus vexillarius,Yes,10
430,Rock Dove,Columba livia,Yes,268
431,Speckled Pigeon,Columba guinea,Yes,64
432,African Olive Pigeon,Columba arquatrix,Yes,24
433,Eastern Bronze-naped Pigeon,Columba delegorguei,Yes,58
434,Lemon Dove,Columba larvata,Yes,37
435,Laughing Dove,Spilopelia senegalensis,Yes,184
436,Cape Turtle Dove,Streptopelia capicola,Yes,235
437,Red-eyed Dove,Streptopelia semitorquata,Yes,162
438,African Mourning Dove,Streptopelia decipiens,Yes,115
439,European Turtle Dove,Streptopelia turtur,Yes,500
440,Emerald-spotted Wood Dove,Turtur chalcospilos,Yes,126
441,Blue-spotted Wood Dove,Turtur afer,Yes,49
442,Tambourine Dove,Turtur tympanistria,Yes,143
443,Namaqua Dove,Oena capensis,Yes,42
444,African Green Pigeon,Treron calvus,Yes,50
445,Knysna Turaco,Tauraco corythaix,Yes,35
446,Livingstone's Turaco,Tauraco livingstonii,Yes,211
447,Schalow's Turaco,Tauraco schalowi,Yes,61
448,Purple-crested Turaco,Gallirex porphyreolophus,Yes,80
449,Ross's Turaco,Tauraco rossae,Yes,36
450,Grey Go-away-bird,Crinifer concolor,Yes,77
451,Burchell's Coucal,Centropus burchellii,Yes,58
452,White-browed Coucal,Centropus superciliosus,Yes,96
453,Senegal Coucal,Centropus senegalensis,Yes,63
454,Coppery-tailed Coucal,Centropus cupreicaudus,Yes,11
455,Black Coucal,Centropus grillii,Yes,12
456,Green Malkoha,Ceuthmochares australis,Yes,36
457,Red-chested Cuckoo,Cuculus solitarius,Yes,202
458,African Cuckoo,Cuculus gularis,Yes,27
459,Common Cuckoo,Cuculus canorus,Yes,2303
460,Lesser Cuckoo,Cuculus poliocephalus,Yes,110
461,Madagascan Cuckoo,Cuculus rochii,Yes,75
462,Black Cuckoo,Cuculus clamosus,Yes,133
463,Barred Long-tailed Cuckoo,Cercococcyx montanus,Yes,110
464,Thick-billed Cuckoo,Pachycoccyx audeberti,Yes,11
465,Jacobin Cuckoo,Clamator jacobinus,Yes,66
466,Levaillant's Cuckoo,Clamator levaillantii,Yes,35
467,Great Spotted Cuckoo,Clamator glandarius,Yes,323
468,Diederik Cuckoo,Chrysococcyx caprius,Yes,138
469,Klaas's Cuckoo,Chrysococcyx klaas,Yes,87
470,African Emerald Cuckoo,Chrysococcyx cupreus,Yes,142
471,Lilac-breasted Roller,Coracias caudatus,Yes,66
472,Racket-tailed Roller,Coracias spatulatus,Yes,13
473,European Roller,Coracias garrulus,Yes,148
474,Purple Roller,Coracias naevius,Yes,12
475,Broad-billed Roller,Eurystomus glaucurus,Yes,90
476,Giant Kingfisher,Megaceryle maxima,Yes,31
477,Pied Kingfisher,Ceryle rudis,Yes,194
478,Half-collared Kingfisher,Alcedo semitorquata,Yes,15
479,Malachite Kingfisher,Corythornis cristatus,Yes,31
480,African Pygmy Kingfisher,Ispidina picta,Yes,44
481,Woodland Kingfisher,Halcyon senegalensis,Yes,131
482,Mangrove Kingfisher,Halcyon senegaloides,Yes,19
483,Brown-hooded Kingfisher,Halcyon albiventris,Yes,89
484,Striped Kingfisher,Halcyon chelicuti,Yes,53
485,Grey-headed Kingfisher,Halcyon leucocephala,Yes,82
486,Swallow-tailed Bee-eater,Merops hirundineus,Yes,15
487,Little Bee-eater,Merops pusillus,Yes,61
488,Böhm's Bee-eater,Merops boehmi,Yes,19
489,White-throated Bee-eater,Merops albicollis,Yes,49
490,European Bee-eater,Merops apiaster,Yes,791
491,Blue-cheeked Bee-eater,Merops persicus,Yes,178
492,Olive Bee-eater,Merops superciliosus,Yes,47
493,White-fronted Bee-eater,Merops bullockoides,Yes,82
494,Southern Carmine Bee-eater,Merops nubicoides,Yes,15
495,Northern Carmine Bee-eater,Merops nubicus,Yes,15
496,Rosy Bee-eater,Merops malimbicus,Yes,17
497,African Hoopoe,Upupa (epops) africana,Yes,0
498,Green Wood Hoopoe,Phoeniculus purpureus,Yes,171
499,Violet Wood Hoopoe,Phoeniculus damarensis,Yes,7
500,Common Scimitarbill,Rhinopomastus cyanomelas,Yes,77
501,Trumpeter Hornbill,Bycanistes bucinator,Yes,48
502,Silvery-cheeked Hornbill,Bycanistes brevis,Yes,73
503,Monteiro's Hornbill,Tockus monteiri,Yes,3
504,Bradfield's Hornbill,Lophoceros bradfieldi,Yes,10
505,Crowned Hornbill,Lophoceros alboterminatus,Yes,76
506,African Grey Hornbill,Lophoceros nasutus,Yes,153
507,Southern Yellow-billed Hornbill,Tockus leucomelas,Yes,35
508,Southern Red-billed Hornbill,Tockus rufirostris,Yes,23
509,Damara Red-billed Hornbill,Tockus damarensis,Yes,9
510,Cape Parrot,Poicephalus robustus,Yes,16
511,Grey-headed Parrot,Poicephalus fuscicollis,Yes,34
512,Brown-headed Parrot,Poicephalus cryptoxanthus,Yes,34
513,Meyer's Parrot,Poicephalus meyeri,Yes,65
514,Rüppell's Parrot,Poicephalus rueppellii,Yes,9
515,Rosy-faced Lovebird,Agapornis roseicollis,Yes,56
516,Lilian's Lovebird,Agapornis lilianae,Yes,8
517,Black-cheeked Lovebird,Agapornis nigrigenis,Yes,6
518,Rose-ringed Parakeet,Psittacula krameri,Yes,614
519,Narina Trogon,Apaloderma narina,Yes,98
520,House Crow,Corvus splendens,Yes,212
521,Cape Crow,Corvus capensis,Yes,43
522,Pied Crow,Corvus albus,Yes,175
523,White-necked Raven,Corvus albicollis,Yes,57
524,African Black Swift,Apus barbatus,Yes,18
525,Common Swift,Apus apus,Yes,906
526,Bradfield's Swift,Apus bradfieldi,Yes,5
527,Forbes-Watson's Swift,Apus berliozi,Yes,8
528,Alpine Swift,Tachymarptis melba,Yes,234
529,Mottled Swift,Tachymarptis aequatorialis,Yes,3
530,Little Swift,Apus affinis,Yes,127
531,Horus Swift,Apus horus,Yes,5
532,White-rumped Swift,Apus caffer,Yes,94
533,Scarce Swift,Schoutedenapus myoptilus,Yes,15
534,African Palm Swift,Cypsiurus parvus,Yes,47
535,Böhm's Spinetail,Neafrapus boehmi,Yes,1
536,Mottled Spinetail,Telacanthura ussheri,Yes,6
537,Black Saw-wing,Psalidoprocne pristoptera,Yes,25
538,White-headed Saw-wing,Psalidoprocne albiceps,Yes,1
539,Blue Swallow,Hirundo atrocaerulea,Yes,15
540,Barn Swallow,Hirundo rustica,Yes,1994
541,Angolan Swallow,Hirundo angolensis,Yes,20
542,White-throated Swallow,Hirundo albigularis,Yes,22
543,Wire-tailed Swallow,Hirundo smithii,Yes,20
544,Pearl-breasted Swallow,Hirundo dimidiata,Yes,11
545,Common House Martin,Delichon urbicum,Yes,808
546,Grey-rumped Swallow,Pseudhirundo griseopyga,Yes,14
547,Lesser Striped Swallow,Cecropis abyssinica,Yes,92
548,Greater Striped Swallow,Cecropis cucullata,Yes,34
549,African Red-rumped Swallow,Cecropis melanocrissus,Yes,0
550,Mosque Swallow,Cecropis senegalensis,Yes,13
551,Red-breasted Swallow,Cecropis semirufa,Yes,39
552,South African Cliff Swallow,Petrochelidon spilodera,Yes,48
553,Mascarene Martin,Phedina borbonica,Yes,32
554,Rock Martin,Ptyonoprogne fuligula,Yes,28
555,Banded Martin,Neophedina cincta,Yes,20
556,Sand Martin,Riparia riparia,Yes,424
557,Brown-throated Martin,Riparia paludicola,Yes,32
558,African Pitta,Pitta angolensis,Yes,16
559,Common Myna,Acridotheres tristis,Yes,354
560,Common Starling,Sturnus vulgaris,Yes,2105
561,Wattled Starling,Creatophora cinerea,Yes,37
562,Rosy Starling,Pastor roseus,Yes,118
563,Pied Starling,Lamprotornis bicolor,Yes,19
564,Red-winged Starling,Onychognathus morio,Yes,49
565,Pale-winged Starling,Onychognathus nabouroup,Yes,32
566,Meves's Starling,Lamprotornis mevesii,Yes,38
567,Burchell's Starling,Lamprotornis australis,Yes,57
568,Cape Glossy Starling,Lamprotornis nitens,Yes,52
569,Greater Blue-eared Starling,Lamprotornis chalybaeus,Yes,84
570,Miombo Blue-eared Starling,Lamprotornis elisabeth,Yes,19
571,Black-bellied Starling,Notopholia corusca,Yes,62
572,Sharp-tailed Starling,Lamprotornis acuticaudus,Yes,8
573,Violet-backed Starling,Cinnyricinclus leucogaster,Yes,41
574,Arrow-marked Babbler,Turdoides jardineii,Yes,116
575,Hartlaub's Babbler,Turdoides hartlaubii,Yes,31
576,Black-faced Babbler,Turdoides melanops,Yes,2
577,Southern Pied Babbler,Turdoides bicolor,Yes,10
578,Bare-cheeked Babbler,Turdoides gymnogenys,Yes,6
579,Groundscraper Thrush,Turdus litsitsirupa,Yes,26
580,Spotted Ground Thrush,Geokichla guttata,Yes,23
581,Orange Ground Thrush,Geokichla gurneyi,Yes,93
582,Kurrichane Thrush,Turdus libonyana,Yes,84
583,Karoo Thrush,Turdus smithi,Yes,53
584,Olive Thrush,Turdus olivaceus,Yes,56
585,Collared Palm Thrush,Cichladusa arquata,Yes,39
586,Rufous-tailed Palm Thrush,Cichladusa ruficauda,Yes,13
587,Cape Rock Thrush,Monticola rupestris,Yes,47
588,Sentinel Rock Thrush,Monticola explorator,Yes,6
589,Short-toed Rock Thrush,Monticola brevipes,Yes,3
590,Miombo Rock Thrush,Monticola angolensis,Yes,16
591,Cape Rockjumper,Chaetops frenatus,Yes,15
592,Drakensberg Rockjumper,Chaetops aurantius,Yes,7
593,Rockrunner,Achaetops pycnopygius,Yes,18
594,Thrush Nightingale,Luscinia luscinia,Yes,1032
595,White-chested Alethe,Chamaetylas fuelleborni,Yes,37
596,East Coast Akalat,Sheppardia gunningi,Yes,30
597,White-starred Robin,Pogonocichla stellata,Yes,78
598,Swynnerton's Robin,Swynnertonia swynnertoni,Yes,66
599,Chorister Robin-Chat,Cossypha dichroa,Yes,69
600,Red-capped Robin-Chat,Cossypha natalensis,Yes,108
601,White-browed Robin-Chat,Cossypha heuglini,Yes,284
602,Cape Robin-Chat,Dessonornis caffer,Yes,0
603,White-throated Robin-Chat,Dessonornis humeralis,Yes,0
604,Angolan Cave Chat,Xenocopsychus ansorgei,Yes,0
605,White-browed Scrub Robin,Cercotrichas leucophrys,Yes,494
606,Kalahari Scrub Robin,Cercotrichas paena,Yes,64
607,Rufous-tailed Scrub Robin,Cercotrichas galactotes,Yes,241
608,Karoo Scrub Robin,Tychaedon coryphoeus,Yes,0
609,Brown Scrub Robin,Tychaedon signata,Yes,0
610,Bearded Scrub Robin,Tychaedon quadrivirgata,Yes,0
611,African Stonechat,Saxicola torquatus,Yes,97
612,Whinchat,Saxicola rubetra,Yes,700
613,Buff-streaked Chat,Campicoloides bifasciatus,Yes,13
614,Capped Wheatear,Oenanthe pileata,Yes,39
615,Northern Wheatear,Oenanthe oenanthe,Yes,605
616,Isabelline Wheatear,Oenanthe isabellina,Yes,168
617,Pied Wheatear,Oenanthe pleschanka,Yes,93
618,Mountain Wheatear,Myrmecocichla monticola,Yes,26
619,Arnot's Chat,Myrmecocichla arnotti,Yes,35
620,Ant-eating Chat,Myrmecocichla formicivora,Yes,61
621,Mocking Cliff Chat,Thamnolaea cinnamomeiventris,Yes,71
622,Boulder Chat,Pinarornis plumosus,Yes,13
623,Herero Chat,Namibornis herero,Yes,4
624,Common Redstart,Phoenicurus phoenicurus,Yes,1839
625,Familiar Chat,Oenanthe familiaris,Yes,38
626,Sickle-winged Chat,Emarginata sinuata,Yes,18
627,Tractrac Chat,Emarginata tractrac,Yes,6
628,Karoo Chat,Emarginata schlegelii,Yes,12
629,White-throated Robin,Irania gutturalis,Yes,44
630,Spike-heeled Lark,Chersomanes albofasciata,Yes,29
631,Red-capped Lark,Calandrella cinerea,Yes,81
632,Large-billed Lark,Galerida magnirostris,Yes,69
633,Dusky Lark,Pinarocorys nigricans,Yes,2
634,Cape Clapper Lark,Corypha apiata,Yes,0
635,Eastern Clapper Lark,Corypha fasciolata,Yes,0
636,Flappet Lark,Amirafra rufocinnamomea,Yes,0
637,Melodious Lark,Mirafra cheniana,Yes,109
638,Monotonous Lark,Mirafra passerina,Yes,37
639,Rufous-naped Lark,Corypha africana,Yes,0
640,Sabota Lark,Calendulauda sabota,Yes,107
641,Fawn-coloured Lark,Calendulauda africanoides,Yes,34
642,Karoo Lark,Calendulauda albescens,Yes,26
643,Barlow's Lark,Calendulauda (erythrochlamys) barlowi,Yes,0
644,Dune Lark,Calendulauda erythrochlamys,Yes,3
645,Red Lark,Calendulauda burra,Yes,14
646,Short-clawed Lark,Certhilauda chuana,Yes,34
647,Eastern Long-billed Lark,Certhilauda semitorquata,Yes,26
648,Karoo Long-billed Lark,Certhilauda subcoronata,Yes,38
649,Benguela Long-billed Lark,Certhilauda (subcoronata) benguelensis,Yes,0
650,Cape Long-billed Lark,Certhilauda curvirostris,Yes,15
651,Agulhas Long-billed Lark,Certhilauda (curvirostris) brevirostris,Yes,0
652,Rudd's Lark,Heteromirafra ruddi,Yes,7
653,Botha's Lark,Spizocorys fringillaris,Yes,2
654,Pink-billed Lark,Spizocorys conirostris,Yes,28
655,Sclater's Lark,Spizocorys sclateri,Yes,3
656,Stark's Lark,Spizocorys starki,Yes,4
657,Gray's Lark,Ammomanopsis grayi,Yes,2
658,Chestnut-backed Sparrow-Lark,Eremopterix leucotis,Yes,14
659,Grey-backed Sparrow-Lark,Eremopterix verticalis,Yes,12
660,Black-eared Sparrow-Lark,Eremopterix australis,Yes,2
661,Short-tailed Pipit,Anthus brachyurus,Yes,6
662,Bushveld Pipit,Anthus caffer,Yes,5
663,Tree Pipit,Anthus trivialis,Yes,2552
664,Red-throated Pipit,Anthus cervinus,Yes,614
665,African Pipit,Anthus cinnamomeus,Yes,119
666,Mountain Pipit,Anthus hoeschi,Yes,7
667,Nicholson's Pipit,Anthus nicholsoni,Yes,33
668,Wood Pipit,Anthus nyassae,Yes,11
669,Plain-backed Pipit,Anthus leucophrys,Yes,38
670,Buffy Pipit,Anthus vaalensis,Yes,6
671,African Rock Pipit,Anthus crenatus,Yes,143
672,Striped Pipit,Anthus lineiventris,Yes,34
673,Yellow-breasted Pipit,Anthus chloris,Yes,15
674,Golden Pipit,Tmetothylacus tenellus,Yes,4
675,Yellow-throated Longclaw,Macronyx croceus,Yes,72
676,Cape Longclaw,Macronyx capensis,Yes,68
677,Rosy-throated Longclaw,Macronyx ameliae,Yes,16
678,African Pied Wagtail,Motacilla aguimp,Yes,133
679,Cape Wagtail,Motacilla capensis,Yes,64
680,Mountain Wagtail,Motacilla clara,Yes,46
681,Grey Wagtail,Motacilla cinerea,Yes,1017
682,Citrine Wagtail,Motacilla citreola,Yes,446
683,Western Yellow Wagtail,Motacilla flava,Yes,2806
684,White Wagtail,Motacilla alba,Yes,1826
685,Red-faced Mousebird,Urocolius indicus,Yes,51
686,Speckled Mousebird,Colius striatus,Yes,89
687,White-backed Mousebird,Colius colius,Yes,28
688,Red-throated Wryneck,Jynx ruficollis,Yes,82
689,Ground Woodpecker,Geocolaptes olivaceus,Yes,14
690,Olive Woodpecker,Dendropicos griseocephalus,Yes,40
691,Knysna Woodpecker,campethera notata,Yes,18
692,Golden-tailed Woodpecker,Campethera abingoni,Yes,48
693,Bennett's Woodpecker,Campethera bennettii,Yes,6
694,Speckle-throated Woodpecker,Campethera scriptoricauda,Yes,1
695,Green-backed Woodpecker,Campethera cailliautii,Yes,21
696,Cardinal Woodpecker,Dendropicos fuscescens,Yes,78
697,Bearded Woodpecker,Chloropicus namaquus,Yes,32
698,Crested Barbet,Trachyphonus vaillantii,Yes,112
699,Black-collared Barbet,Lybius torquatus,Yes,75
700,Acacia Pied Barbet,Tricholaema leucomelas,Yes,67
701,White-eared Barbet,Stactolaema leucotis,Yes,18
702,Whyte's Barbet,Stactolaema whytii,Yes,1
703,Green Barbet,Cryptolybia olivacea,Yes,0
704,Green Tinkerbird,Pogoniulus simplex,Yes,14
705,Red-fronted Tinkerbird,Pogoniulus pusillus,Yes,95
706,Yellow-fronted Tinkerbird,Pogoniulus chrysoconus,Yes,109
707,Yellow-rumped Tinkerbird,Pogoniulus bilineatus,Yes,205
708,Greater Honeyguide,Indicator indicator,Yes,94
709,Scaly-throated Honeyguide,Indicator variegatus,Yes,41
710,Lesser Honeyguide,Indicator minor,Yes,64
711,Pallid Honeyguide,Indicator meliphilus,Yes,2
712,Brown-backed Honeybird,Prodotiscus regulus,Yes,6
713,Green-backed Honeybird,Prodotiscus zambesiae,Yes,8
714,African Broadbill,Smithornis capensis,Yes,62
715,White-tailed Shrike,Lanioturdus torquatus,Yes,13
716,Black-throated Wattle-eye,Platysteira peltata,Yes,29
717,Woodward's Batis,Batis fratrum,Yes,13
718,Cape Batis,Batis capensis,Yes,105
719,Chinspot Batis,Batis molitor,Yes,153
720,Pririt Batis,Batis pririt,Yes,67
721,Pale Batis,Batis soror,Yes,24
722,Southern Fiscal,Lanius collaris,Yes,70
723,Lesser Grey Shrike,Lanius minor,Yes,53
724,Red-backed Shrike,Lanius collurio,Yes,824
725,Souza's Shrike,Lanius souzae,Yes,12
726,Red-tailed Shrike,Lanius phoenicuroides,Yes,41
727,Southern White-crowned Shrike,Eurocephalus anguitimens,Yes,23
728,Magpie Shrike,Lanius melanoleucus,Yes,0
729,Grey-headed Bushshrike,Malaconotus blanchoti,Yes,130
730,Orange-breasted Bushshrike,Chlorophoneus sulfureopectus,Yes,197
731,Olive Bushshrike,Chlorophoneus olivaceus,Yes,103
732,Black-fronted Bushshrike,Chlorophoneus nigrifrons,Yes,79
733,Gorgeous Bushshrike,Telophorus viridis,Yes,58
734,Bokmakierie,Telophorus zeylonus,Yes,209
735,Marsh Tchagra,Bocagia minuta,Yes,11
736,Southern Tchagra,Tchagra tchagra,Yes,28
737,Brown-crowned Tchagra,Tchagra australis,Yes,104
738,Black-crowned Tchagra,Tchagra senegalus,Yes,229
739,Southern Boubou,Laniarius ferrugineus,Yes,174
740,Tropical Boubou,Laniarius major,Yes,218
741,Swamp Boubou,Laniarius bicolor,Yes,29
742,Crimson-breasted Shrike,Laniarius atrococcineus,Yes,73
743,Black-backed Puffback,Dryoscopus cubla,Yes,297
744,Brubru,Nilaus afer,Yes,156
745,White-crested Helmetshrike,Prionops plumatus,Yes,41
746,Retz's Helmetshrike,Prionops retzii,Yes,31
747,Chestnut-fronted Helmetshrike,Prionops scopifrons,Yes,6
748,Black-and-white Shrike-Flycatcher,Bias musicus,Yes,49
749,Black Cuckooshrike,Campephaga flava,Yes,27
750,Grey Cuckooshrike,Ceblepyris caesius,Yes,22
751,White-breasted Cuckooshrike,Ceblepyris pectoralis,Yes,18
752,Fork-tailed Drongo,Dicrurus adsimilis,Yes,260
753,Square-tailed Drongo,Dicrurus ludwigii,Yes,145
754,Black-headed Oriole,Oriolus larvatus,Yes,229
755,Eurasian Golden Oriole,Oriolus oriolus,Yes,1524
756,African Golden Oriole,Oriolus auratus,Yes,52
757,Green-headed Oriole,Oriolus chlorocephalus,Yes,37
758,African Paradise Flycatcher,Terpsiphone viridis,Yes,205
759,Blue-mantled Crested Flycatcher,Trochocercus cyanomelas,Yes,70
760,White-tailed Crested Flycatcher,Elminia albonotata,Yes,81
761,Fairy Flycatcher,Stenostira scita,Yes,54
762,Livingstone's Flycatcher,Erythrocercus livingstonei,Yes,17
763,Chat Flycatcher,Agricola infuscatus,Yes,0
764,Marico Flycatcher,Bradornis mariquensis,Yes,0
765,Pale Flycatcher,Agricola pallidus,Yes,0
766,Spotted Flycatcher,Muscicapa striata,Yes,1782
767,African Dusky Flycatcher,Muscicapa adusta,Yes,91
768,Ashy Flycatcher,Fraseria caerulescens,Yes,0
769,Grey Tit-Flycatcher,Fraseria plumbea,Yes,0
770,Southern Black Flycatcher,Melaenornis pammelaina,Yes,28
771,Fiscal Flycatcher,Sigelus silens,Yes,0
772,Collared Flycatcher,Ficedula albicollis,Yes,562
773,European Pied Flycatcher,Ficedula hypoleuca,Yes,1557
774,Southern Hyliota,Hyliota australis,Yes,13
775,Yellow-bellied Hyliota,Hyliota flavigaster,Yes,11
776,Southern Black Tit,Melaniparus niger,Yes,47
777,Carp's Tit,Melaniparus carpi,Yes,8
778,Grey Tit,Melaniparus afer,Yes,36
779,Ashy Tit,Melaniparus cinerascens,Yes,69
780,Miombo Tit,Melaniparus griseiventris,Yes,12
781,Cinnamon-breasted Tit,Melaniparus (rufiventris) pallidiventris,Yes,0
782,Rufous-bellied Tit,Melaniparus rufiventris,Yes,22
783,Cape Penduline Tit,Anthoscopus minutus,Yes,44
784,Grey Penduline Tit,Anthoscopus caroli,Yes,22
785,Dark-capped Bulbul,Pycnonotus barbatus,Yes,264
786,African Red-eyed Bulbul,Pycnonotus nigricans,Yes,74
787,Cape Bulbul,Pycnonotus capensis,Yes,26
788,Terrestrial Brownbul,Phyllastrephus terrestris,Yes,71
789,Yellow-bellied Greenbul,Chlorocichla flaviventris,Yes,59
790,Sombre Greenbul,Andropadus importunus,Yes,339
791,Stripe-cheeked Greenbul,Arizelocichla milanjensis,Yes,6
792,Yellow-streaked Greenbul,Phyllastrephus flavostriatus,Yes,83
793,Lowland Tiny Greenbul,Phyllastrephus debilis,Yes,15
794,Yellow-throated Leaflove,Atimastillas flavigula,Yes,0
795,Eastern Nicator,Nicator gularis,Yes,68
796,Bush Blackcap,Sylvia nigricapillus,Yes,20
797,Chestnut-vented Tit-babbler,Curruca subcoerulea,Yes,220
798,Layard's Tit-babbler,Curruca layardi,Yes,49
799,Common Whitethroat,Curruca communis,Yes,4361
800,Lesser Whitethroat,Curruca curruca,Yes,2850
801,Eurasian Blackcap,Sylvia atricapilla,Yes,5804
802,Garden Warbler,Sylvia borin,Yes,1926
803,Willow Warbler,Phylloscopus trochilus,Yes,5418
804,Green Warbler,Phylloscopus nitidus,Yes,216
805,Yellow-throated Woodland Warbler,Phylloscopus ruficapilla,Yes,58
806,Dark-capped Yellow Warbler,Iduna natalensis,Yes,51
807,Icterine Warbler,Hippolais icterina,Yes,1513
808,Olive-tree Warbler,Hippolais olivetorum,Yes,56
809,Upcher's Warbler,Hippolais languida,Yes,40
810,Sedge Warbler,Acrocephalus schoenobaenus,Yes,1715
811,Marsh Warbler,Acrocephalus palustris,Yes,2203
813,Common Reed Warbler,Acrocephalus scirpaceus,Yes,2064
814,Lesser Swamp Warbler,Acrocephalus gracilirostris,Yes,140
815,Greater Swamp Warbler,Acrocephalus rufescens,Yes,48
816,Basra Reed Warbler,Acrocephalus griseldis,Yes,20
817,Great Reed Warbler,Acrocephalus arundinaceus,Yes,1255
818,Little Rush Warbler,Bradypterus baboecala,Yes,86
819,Barratt's Warbler,Bradypterus barratti,Yes,61
820,Knysna Warbler,Bradypterus sylvaticus,Yes,61
821,River Warbler,Locustella fluviatilis,Yes,638
822,Broad-tailed Warbler,Catriscus brevirostris,Yes,32
823,Cape Grassbird,Sphenoeacus afer,Yes,62
824,Moustached Grass Warbler,Melocichla mentalis,Yes,71
825,Victorin's Warbler,Cryptillas victorini,Yes,42
826,Long-billed Crombec,Sylvietta rufescens,Yes,118
827,Red-faced Crombec,Sylvietta whytii,Yes,70
828,Red-capped Crombec,Sylvietta ruficapilla,Yes,21
829,Neddicky,Cisticola fulvicapilla,Yes,77
830,Short-winged Cisticola,Cisticola brachypterus,Yes,64
831,Zitting Cisticola,Cisticola juncidis,Yes,1145
832,Desert Cisticola,Cisticola aridulus,Yes,43
833,Cloud Cisticola,Cisticola textrix,Yes,57
834,Wing-snapping Cisticola,Cisticola ayresii,Yes,37
835,Pale-crowned Cisticola,Cisticola cinnamomeus,Yes,13
836,Levaillant's Cisticola,Cisticola tinniens,Yes,81
837,Rufous-winged Cisticola,Cisticola galactotes,Yes,9
838,Luapula Cisticola,Cisticola luapula,Yes,6
839,Chirping Cisticola,Cisticola pipiens,Yes,15
840,Grey-backed Cisticola,Cisticola subruficapilla,Yes,53
841,Wailing Cisticola,Cisticola lais,Yes,69
842,Tinkling Cisticola,Cisticola rufilatus,Yes,15
843,Rattling Cisticola,Cisticola chiniana,Yes,364
844,Lazy Cisticola,Cisticola aberrans,Yes,58
845,Red-faced Cisticola,Cisticola erythrops,Yes,174
846,Singing Cisticola,Cisticola cantans,Yes,161
847,Croaking Cisticola,Cisticola natalensis,Yes,71
848,Tawny-flanked Prinia,Prinia subflava,Yes,310
849,Black-chested Prinia,Prinia flavicans,Yes,53
850,Drakensberg Prinia,Prinia hypoxantha,Yes,20
851,Karoo Prinia,Prinia maculosa,Yes,98
852,Namaqua Warbler,Phragmacia substriata,Yes,46
853,Rufous-eared Warbler,Malcorus pectoralis,Yes,60
854,Roberts's Warbler,Oreophilais robertsi,Yes,14
855,Red-winged Warbler,Prinia erythroptera,Yes,24
856,Cinnamon-breasted Warbler,Euryptila subcinnamomea,Yes,15
857,Barred Wren-Warbler,Calamonastes fasciolatus,Yes,35
858,Stierling's Wren-Warbler,Calamonastes stierlingi,Yes,45
859,Green-backed Camaroptera,Camaroptera brachyura,Yes,188
860,Grey-backed Camaroptera,Camaroptera brevicaudata,Yes,399
861,Bar-throated Apalis,Apalis thoracica,Yes,191
862,Rudd's Apalis,Apalis ruddi,Yes,15
863,Yellow-breasted Apalis,Apalis flavida,Yes,149
864,Chirinda Apalis,Apalis chirindensis,Yes,10
865,Black-headed Apalis,Apalis melanocephala,Yes,70
866,Yellow-bellied Eremomela,Eremomela icteropygialis,Yes,53
867,Burnt-necked Eremomela,Eremomela usticollis,Yes,12
868,Green-capped Eremomela,Eremomela scotops,Yes,27
869,Karoo Eremomela,Eremomela gregalis,Yes,27
870,Cape White-eye,Zosterops virens,Yes,106
871,Orange River White-eye,Zosterops pallidus,Yes,47
872,Southern Yellow White-eye,Zosterops anderssoni,Yes,66
873,African Spotted Creeper,Salpornis salvadori,Yes,28
874,Red-billed Oxpecker,Buphagus erythrorynchus,Yes,44
875,Yellow-billed Oxpecker,Buphagus africanus,Yes,19
876,Cape Sugarbird,Promerops cafer,Yes,34
877,Gurney's Sugarbird,Promerops gurneyi,Yes,23
878,Grey Sunbird,Cyanomitra veroxii,Yes,99
879,Olive Sunbird,Cyanomitra olivacea,Yes,341
880,Amethyst Sunbird,Chalcomitra amethystina,Yes,68
881,Scarlet-chested Sunbird,Chalcomitra senegalensis,Yes,141
882,Orange-breasted Sunbird,Anthobaphes violacea,Yes,19
883,Malachite Sunbird,Nectarinia famosa,Yes,82
884,Bronzy Sunbird,Nectarinia kilimensis,Yes,61
885,Copper Sunbird,Cinnyris cupreus,Yes,30
886,Greater Double-collared Sunbird,Cinnyris afer,Yes,36
887,Southern Double-collared Sunbird,Cinnyris chalybeus,Yes,89
888,Eastern Miombo Sunbird,Cinnyris manoensis,Yes,11
889,Marico Sunbird,Cinnyris mariquensis,Yes,78
890,Purple-banded Sunbird,Cinnyris bifasciatus,Yes,83
891,Neergaard's Sunbird,Cinnyris neergaardi,Yes,5
892,Shelley's Sunbird,Cinnyris shelleyi,Yes,3
893,Dusky Sunbird,Cinnyris fuscus,Yes,38
894,White-bellied Sunbird,Cinnyris talatala,Yes,123
895,Variable Sunbird,Cinnyris venustus,Yes,183
896,Collared Sunbird,Hedydipna collaris,Yes,243
897,Plain-backed Sunbird,Anthreptes reichenowi,Yes,20
898,Western Violet-backed Sunbird,Anthreptes longuemarei,Yes,7
899,House Sparrow,Passer domesticus,Yes,3058
900,Cape Sparrow,Passer melanurus,Yes,75
901,Great Sparrow,Passer motitensis,Yes,10
902,Southern Grey-headed Sparrow,Passer diffusus,Yes,68
903,Northern Grey-headed Sparrow,Passer griseus,Yes,94
904,Yellow-throated Bush Sparrow,Gymnoris superciliaris,Yes,51
905,White-browed Sparrow-Weaver,Plocepasser mahali,Yes,152
906,Sociable Weaver,Philetairus socius,Yes,32
907,Scaly-feathered Finch,Sporopipes squamifrons,Yes,25
908,Red-billed Buffalo Weaver,Bubalornis niger,Yes,41
909,Thick-billed Weaver,Amblyospiza albifrons,Yes,34
910,Village Weaver,Ploceus cucullatus,Yes,158
911,Southern Masked Weaver,Ploceus velatus,Yes,56
912,Lesser Masked Weaver,Ploceus intermedius,Yes,42
913,Spectacled Weaver,Ploceus ocularis,Yes,69
914,Yellow Weaver,Ploceus subaureus,Yes,29
915,African Golden Weaver,Ploceus xanthops,Yes,47
916,Southern Brown-throated Weaver,Ploceus xanthopterus,Yes,21
917,Cape Weaver,Ploceus capensis,Yes,37
918,Chestnut Weaver,Ploceus rubiginosus,Yes,17
919,Dark-backed Weaver,Ploceus bicolor,Yes,93
920,Olive-headed Weaver,Ploceus olivaceiceps,Yes,2
921,Red-headed Weaver,Anaplectes rubriceps,Yes,14
922,Long-tailed Widowbird,Euplectes progne,Yes,34
923,Red-collared Widowbird,Euplectes ardens,Yes,23
924,Fan-tailed Widowbird,Euplectes axillaris,Yes,8
925,Yellow-mantled Widowbird,Euplectes macroura,Yes,10
926,White-winged Widowbird,Euplectes albonotatus,Yes,14
927,Yellow Bishop,Euplectes capensis,Yes,46
928,Yellow-crowned Bishop,Euplectes afer,Yes,47
929,Southern Red Bishop,Euplectes orix,Yes,56
930,Black-winged Bishop,Euplectes hordeaceus,Yes,17
931,Red-billed Quelea,Quelea quelea,Yes,49
932,Red-headed Quelea,Quelea erythrops,Yes,2
933,Cardinal Quelea,Quelea cardinalis,Yes,4
934,Pin-tailed Whydah,Vidua macroura,Yes,81
935,Shaft-tailed Whydah,Vidua regia,Yes,11
936,Long-tailed Paradise Whydah,Vidua paradisaea,Yes,8
937,Broad-tailed Paradise Whydah,Vidua obtusa,Yes,2
938,Dusky Indigobird,Vidua funerea,Yes,27
939,Purple Indigobird,Vidua purpurascens,Yes,24
940,Village Indigobird,Vidua chalybeata,Yes,76
941,Zambezi Indigobird,Vidua codringtoni,Yes,6
942,Cuckoo Finch,Anomalospiza imberbis,Yes,9
943,Red-headed Finch,Amadina erythrocephala,Yes,19
944,Cut-throat Finch,Amadina fasciata,Yes,17
945,Quailfinch,Ortygospiza atricollis,Yes,59
946,Locust Finch,Paludipasser locustella,Yes,16
947,African Firefinch,Lagonosticta rubricata,Yes,45
948,Jameson's Firefinch,Lagonosticta rhodopareia,Yes,27
949,Red-billed Firefinch,Lagonosticta senegala,Yes,79
950,Brown Firefinch,Lagonosticta nitidula,Yes,10
951,Red-faced Crimsonwing,Cryptospiza reichenovii,Yes,23
952,Lesser Seedcracker,Pyrenestes minor,Yes,3
953,Red-throated Twinspot,Hypargos niveoguttatus,Yes,19
954,Pink-throated Twinspot,Hypargos margaritatus,Yes,7
955,Green Twinspot,Mandingoa nitidula,Yes,14
956,Green-winged Pytilia,Pytilia melba,Yes,36
957,Orange-winged Pytilia,Pytilia afra,Yes,3
958,Orange-breasted Waxbill,Amandava subflava,Yes,20
959,Swee Waxbill,Coccopygia melanotis,Yes,20
960,Angolan Waxbill,Coccopygia bocagei,Yes,1
961,Yellow-bellied Waxbill,Coccopygia quartinia,Yes,23
962,Blue Waxbill,Uraeginthus angolensis,Yes,51
963,Violet-eared Waxbill,Granatina granatina,Yes,12
964,Common Waxbill,Estrilda astrild,Yes,355
965,Black-faced Waxbill,Brunhilda erythronotos,Yes,14
966,Grey Waxbill,Glaucestrilda perreini,Yes,3
967,Cinderella Waxbill,Glaucestrilda thomensis,Yes,5
968,Bronze Mannikin,Spermestes cucullata,Yes,62
969,Red-backed Mannikin,Spermestes nigriceps,Yes,15
970,Magpie Mannikin,Spermestes fringilloides,Yes,7
971,Black-headed Canary,Serinus alario,Yes,26
972,Cape Canary,Serinus canicollis,Yes,61
973,Forest Canary,Crithagra scotops,Yes,34
974,Brimstone Canary,Crithagra sulphurata,Yes,51
975,Yellow Canary,Crithagra flaviventris,Yes,52
976,Yellow-fronted Canary,Crithagra mozambica,Yes,128
977,Black-throated Canary,Crithagra atrogularis,Yes,25
978,Lemon-breasted Canary,Crithagra citrinipectus,Yes,2
979,Cape Siskin,Crithagra totta,Yes,14
980,Drakensberg Siskin,Crithagra symonsi,Yes,9
981,Protea Canary,Crithagra leucoptera,Yes,15
982,White-throated Canary,Crithagra albogularis,Yes,40
983,Streaky-headed Seedeater,Crithagra gularis,Yes,39
984,Black-eared Seedeater,Crithagra mennelli,Yes,10
985,Common Chaffinch,Fringilla coelebs,Yes,7936
986,Lark-like Bunting,Emberiza impetuani,Yes,36
987,Cape Bunting,Emberiza capensis,Yes,65
988,Cinnamon-breasted Bunting,Emberiza tahapisi,Yes,140
989,Golden-breasted Bunting,Emberiza flaviventris,Yes,120
990,Cabanis's Bunting,Emberiza cabanisi,Yes,46
991,Ortolan Bunting,Emberiza hortulana,Yes,1976
992,Laughing Gull,Leucophaeus atricilla,Yes,136
993,Wood Warbler,Phylloscopus sibilatrix,Yes,1395
994,Christmas Island Frigatebird,Fregata andrewsi,Yes,3
995,Mascarene Petrel,Pseudobulweria aterrima,Yes,4
996,Pincoya Storm Petrel,Oceanites pincoyae,Yes,1
997,Woodchat Shrike,Lanius senator,Yes,219
998,Dimorphic Egret,Egretta (garzetta) dimorpha,Yes,0
999,European Red-rumped Swallow,Cecropis rufula,Yes,0
